{
    "name": "ArduinoEigen",
    "keywords": "eigen,linear algebra",
    "description": "Eigen (a C++ template library for linear algebra) for Arduino",
    "repository":
    {
        "type": "git",
        "url": "https://github.com/hideakitai/ArduinoEigen.git"
    },
    "authors":
    {
        "name": "Hideaki Tai",
        "url": "https://github.com/hideakitai",
        "maintainer": true
    },
    "version": "0.3.2",
    "license": "MIT",
    "frameworks": "arduino",
    "platforms": "*",
    "dependencies":
    {
        "hideakitai/ArxTypeTraits": "*"
    }
}
